{
  "images" : [
    {
      "filename" : "coronavirus (6).jpg",
      "idiom" : "iphone",
      "scale" : "2x",
      "size" : "20x20"
    },
    {
      "filename" : "coronavirus (5).jpg",
      "idiom" : "iphone",
      "scale" : "3x",
      "size" : "20x20"
    },
    {
      "filename" : "coronavirus (7).jpg",
      "idiom" : "iphone",
      "scale" : "2x",
      "size" : "29x29"
    },
    {
      "filename" : "coronavirus (8).jpg",
      "idiom" : "iphone",
      "scale" : "3x",
      "size" : "29x29"
    },
    {
      "filename" : "coronavirus (4).jpg",
      "idiom" : "iphone",
      "scale" : "2x",
      "size" : "40x40"
    },
    {
      "filename" : "coronavirus (2)-1.jpg",
      "idiom" : "iphone",
      "scale" : "3x",
      "size" : "40x40"
    },
    {
      "filename" : "coronavirus (2).jpg",
      "idiom" : "iphone",
      "scale" : "2x",
      "size" : "60x60"
    },
    {
      "filename" : "coronavirus (3).jpg",
      "idiom" : "iphone",
      "scale" : "3x",
      "size" : "60x60"
    },
    {
      "filename" : "coronavirus (1).jpg",
      "idiom" : "ios-marketing",
      "scale" : "1x",
      "size" : "1024x1024"
    }
  ],
  "info" : {
    "author" : "xcode",
    "version" : 1
  }
}
